{
    "swagger": 2.0,
    "info": {
        "title": "BravoSafetyEssentialsApi"
    },
    "securityDefinitions": {
        "BravoSafetyEssentialsUserPoolAuthorizer": {
            "type": "apiKey",
            "name": "Authorization",
            "in": "header",
            "x-amazon-apigateway-authtype": "cognito_user_pools",
            "x-amazon-apigateway-authorizer": {
                "type": "COGNITO_USER_POOLS",
                "providerARNs": [
                    "arn:aws:cognito-idp:ap-south-1:984749408386:userpool/ap-south-1_dr66fpKGx"
                ]
            }
        }
    },
    "paths": {
        "/": {
            "get": {
                "responses": {
                    "200": {
                        "description": "Default response for CORS method",
                        "headers": {
                            "Access-Control-Allow-Headers": {
                                "type": "string"
                            },
                            "Access-Control-Allow-Methods": {
                                "type": "string"
                            },
                            "Access-Control-Allow-Origin": {
                                "type": "string"
                            }
                        }
                    }
                },
                "x-amazon-apigateway-integration": {
                    "connectionType": "VPC_LINK",
                    "responses": {
                        "default": {
                            "statusCode": "200",
                            "responseParameters": {
                                "method.response.header.Access-Control-Allow-Headers": "'Content-Type,X-Amz-Date,Authorization,X-Api-Key'",
                                "method.response.header.Access-Control-Allow-Methods": "'*'",
                                "method.response.header.Access-Control-Allow-Origin": "'*'"
                            }
                        }
                    },
                    "connectionId": "r8iym2",
                    "httpMethod": "GET",
                    "type": "HTTP_PROXY",
                    "uri": "http://bravo-safety-essentials-8c917a7e25ba416a.elb.ap-south-1.amazonaws.com/"
                }
            },
            "options": {
                "summary": "CORS support",
                "description": "Enable CORS by returning correct headers\n",
                "consumes": [
                    "application/json"
                ],
                "produces": [
                    "application/json"
                ],
                "tags": [
                    "CORS"
                ],
                "x-amazon-apigateway-integration": {
                    "type": "mock",
                    "requestTemplates": {
                        "application/json": "{\n  \"statusCode\" : 200\n}\n"
                    },
                    "responses": {
                        "default": {
                            "statusCode": "200",
                            "responseParameters": {
                                "method.response.header.Access-Control-Allow-Headers": "'Content-Type,X-Amz-Date,Authorization,X-Api-Key'",
                                "method.response.header.Access-Control-Allow-Methods": "'*'",
                                "method.response.header.Access-Control-Allow-Origin": "'*'"
                            },
                            "responseTemplates": {
                                "application/json": "{}\n"
                            }
                        }
                    }
                },
                "responses": {
                    "200": {
                        "description": "Default response for CORS method",
                        "headers": {
                            "Access-Control-Allow-Headers": {
                                "type": "string"
                            },
                            "Access-Control-Allow-Methods": {
                                "type": "string"
                            },
                            "Access-Control-Allow-Origin": {
                                "type": "string"
                            }
                        }
                    }
                }
            }
        },
        "/items": {
            "get": {
                "responses": {
                    "200": {
                        "description": "Default response for CORS method",
                        "headers": {
                            "Access-Control-Allow-Headers": {
                                "type": "string"
                            },
                            "Access-Control-Allow-Methods": {
                                "type": "string"
                            },
                            "Access-Control-Allow-Origin": {
                                "type": "string"
                            }
                        }
                    }
                },
                "x-amazon-apigateway-integration": {
                    "connectionType": "VPC_LINK",
                    "connectionId": "r8iym2",
                    "httpMethod": "GET",
                    "type": "HTTP_PROXY",
                    "uri": "http://bravo-safety-essentials-8c917a7e25ba416a.elb.ap-south-1.amazonaws.com/items",
                    "responses": {
                        "default": {
                            "statusCode": "200",
                            "responseParameters": {
                                "method.response.header.Access-Control-Allow-Headers": "'Content-Type,X-Amz-Date,Authorization,X-Api-Key'",
                                "method.response.header.Access-Control-Allow-Methods": "'*'",
                                "method.response.header.Access-Control-Allow-Origin": "'*'"
                            }
                        }
                    }
                }
            },
            "options": {
                "summary": "CORS support",
                "description": "Enable CORS by returning correct headers\n",
                "consumes": [
                    "application/json"
                ],
                "produces": [
                    "application/json"
                ],
                "tags": [
                    "CORS"
                ],
                "x-amazon-apigateway-integration": {
                    "type": "mock",
                    "requestTemplates": {
                        "application/json": "{\n  \"statusCode\" : 200\n}\n"
                    },
                    "responses": {
                        "default": {
                            "statusCode": "200",
                            "responseParameters": {
                                "method.response.header.Access-Control-Allow-Headers": "'Content-Type,X-Amz-Date,Authorization,X-Api-Key'",
                                "method.response.header.Access-Control-Allow-Methods": "'*'",
                                "method.response.header.Access-Control-Allow-Origin": "'*'"
                            },
                            "responseTemplates": {
                                "application/json": "{}\n"
                            }
                        }
                    }
                },
                "responses": {
                    "200": {
                        "description": "Default response for CORS method",
                        "headers": {
                            "Access-Control-Allow-Headers": {
                                "type": "string"
                            },
                            "Access-Control-Allow-Methods": {
                                "type": "string"
                            },
                            "Access-Control-Allow-Origin": {
                                "type": "string"
                            }
                        }
                    }
                }
            }
        },
        "/items/{itemId}": {
            "get": {
                "parameters": [{
                    "name": "itemId",
                    "in": "path",
                    "required": true,
                    "type": "string"
                }],
                "responses": {
                    "200": {
                        "description": "Default response for CORS method",
                        "headers": {
                            "Access-Control-Allow-Headers": {
                                "type": "string"
                            },
                            "Access-Control-Allow-Methods": {
                                "type": "string"
                            },
                            "Access-Control-Allow-Origin": {
                                "type": "string"
                            }
                        }
                    }
                },
                "x-amazon-apigateway-integration": {
                    "requestParameters": {
                        "integration.request.path.itemId": "method.request.path.itemId"
                    },
                    "connectionType": "VPC_LINK",
                    "connectionId": "r8iym2",
                    "httpMethod": "GET",
                    "type": "HTTP_PROXY",
                    "uri": "http://bravo-safety-essentials-8c917a7e25ba416a.elb.ap-south-1.amazonaws.com/items/{itemId}",
                    "responses": {
                        "default": {
                            "statusCode": "200",
                            "responseParameters": {
                                "method.response.header.Access-Control-Allow-Headers": "'Content-Type,X-Amz-Date,Authorization,X-Api-Key'",
                                "method.response.header.Access-Control-Allow-Methods": "'*'",
                                "method.response.header.Access-Control-Allow-Origin": "'*'"
                            }
                        }
                    }
                }
            },
            "options": {
                "summary": "CORS support",
                "description": "Enable CORS by returning correct headers\n",
                "consumes": [
                    "application/json"
                ],
                "produces": [
                    "application/json"
                ],
                "tags": [
                    "CORS"
                ],
                "x-amazon-apigateway-integration": {
                    "type": "mock",
                    "requestTemplates": {
                        "application/json": "{\n  \"statusCode\" : 200\n}\n"
                    },
                    "responses": {
                        "default": {
                            "statusCode": "200",
                            "responseParameters": {
                                "method.response.header.Access-Control-Allow-Headers": "'Content-Type,X-Amz-Date,Authorization,X-Api-Key'",
                                "method.response.header.Access-Control-Allow-Methods": "'*'",
                                "method.response.header.Access-Control-Allow-Origin": "'*'"
                            },
                            "responseTemplates": {
                                "application/json": "{}\n"
                            }
                        }
                    }
                },
                "responses": {
                    "200": {
                        "description": "Default response for CORS method",
                        "headers": {
                            "Access-Control-Allow-Headers": {
                                "type": "string"
                            },
                            "Access-Control-Allow-Methods": {
                                "type": "string"
                            },
                            "Access-Control-Allow-Origin": {
                                "type": "string"
                            }
                        }
                    }
                }
            }
        },
        "/items/{itemId}/addtocart": {
            "post": {
                "parameters": [{
                    "name": "itemId",
                    "in": "path",
                    "required": true,
                    "type": "string"
                }],
                "responses": {
                    "200": {
                        "description": "Default response for CORS method",
                        "headers": {
                            "Access-Control-Allow-Headers": {
                                "type": "string"
                            },
                            "Access-Control-Allow-Methods": {
                                "type": "string"
                            },
                            "Access-Control-Allow-Origin": {
                                "type": "string"
                            }
                        }
                    }
                },
                "security": [{
                    "BravoSafetyEssentialsUserPoolAuthorizer": [

                    ]
                }],
                "x-amazon-apigateway-integration": {
                    "requestParameters": {
                        "integration.request.path.itemId": "method.request.path.itemId"
                    },
                    "connectionType": "VPC_LINK",
                    "connectionId": "r8iym2",
                    "httpMethod": "POST",
                    "type": "HTTP_PROXY",
                    "uri": "http://bravo-safety-essentials-8c917a7e25ba416a.elb.ap-south-1.amazonaws.com/items/{itemId}/addtocart",
                    "responses": {
                        "default": {
                            "statusCode": "200",
                            "responseParameters": {
                                "method.response.header.Access-Control-Allow-Headers": "'Content-Type,X-Amz-Date,Authorization,X-Api-Key'",
                                "method.response.header.Access-Control-Allow-Methods": "'*'",
                                "method.response.header.Access-Control-Allow-Origin": "'*'"
                            }
                        }
                    }
                }
            },
            "options": {
                "summary": "CORS support",
                "description": "Enable CORS by returning correct headers\n",
                "consumes": [
                    "application/json"
                ],
                "produces": [
                    "application/json"
                ],
                "tags": [
                    "CORS"
                ],
                "x-amazon-apigateway-integration": {
                    "type": "mock",
                    "requestTemplates": {
                        "application/json": "{\n  \"statusCode\" : 200\n}\n"
                    },
                    "responses": {
                        "default": {
                            "statusCode": "200",
                            "responseParameters": {
                                "method.response.header.Access-Control-Allow-Headers": "'Content-Type,X-Amz-Date,Authorization,X-Api-Key'",
                                "method.response.header.Access-Control-Allow-Methods": "'*'",
                                "method.response.header.Access-Control-Allow-Origin": "'*'"
                            },
                            "responseTemplates": {
                                "application/json": "{}\n"
                            }
                        }
                    }
                },
                "responses": {
                    "200": {
                        "description": "Default response for CORS method",
                        "headers": {
                            "Access-Control-Allow-Headers": {
                                "type": "string"
                            },
                            "Access-Control-Allow-Methods": {
                                "type": "string"
                            },
                            "Access-Control-Allow-Origin": {
                                "type": "string"
                            }
                        }
                    }
                }
            }
        },
        "/cart": {
            "get": {
                "responses": {
                    "200": {
                        "description": "Default response for CORS method",
                        "headers": {
                            "Access-Control-Allow-Headers": {
                                "type": "string"
                            },
                            "Access-Control-Allow-Methods": {
                                "type": "string"
                            },
                            "Access-Control-Allow-Origin": {
                                "type": "string"
                            }
                        }
                    }
                },
                "x-amazon-apigateway-integration": {
                    "connectionType": "VPC_LINK",
                    "connectionId": "r8iym2",
                    "httpMethod": "GET",
                    "type": "HTTP_PROXY",
                    "uri": "http://bravo-safety-essentials-8c917a7e25ba416a.elb.ap-south-1.amazonaws.com/cart",
                    "responses": {
                        "default": {
                            "statusCode": "200",
                            "responseParameters": {
                                "method.response.header.Access-Control-Allow-Headers": "'Content-Type,X-Amz-Date,Authorization,X-Api-Key'",
                                "method.response.header.Access-Control-Allow-Methods": "'*'",
                                "method.response.header.Access-Control-Allow-Origin": "'*'"
                            }
                        }
                    }
                }
            },
            "options": {
                "summary": "CORS support",
                "description": "Enable CORS by returning correct headers\n",
                "consumes": [
                    "application/json"
                ],
                "produces": [
                    "application/json"
                ],
                "tags": [
                    "CORS"
                ],
                "x-amazon-apigateway-integration": {
                    "type": "mock",
                    "requestTemplates": {
                        "application/json": "{\n  \"statusCode\" : 200\n}\n"
                    },
                    "responses": {
                        "default": {
                            "statusCode": "200",
                            "responseParameters": {
                                "method.response.header.Access-Control-Allow-Headers": "'Content-Type,X-Amz-Date,Authorization,X-Api-Key'",
                                "method.response.header.Access-Control-Allow-Methods": "'*'",
                                "method.response.header.Access-Control-Allow-Origin": "'*'"
                            },
                            "responseTemplates": {
                                "application/json": "{}\n"
                            }
                        }
                    }
                },
                "responses": {
                    "200": {
                        "description": "Default response for CORS method",
                        "headers": {
                            "Access-Control-Allow-Headers": {
                                "type": "string"
                            },
                            "Access-Control-Allow-Methods": {
                                "type": "string"
                            },
                            "Access-Control-Allow-Origin": {
                                "type": "string"
                            }
                        }
                    }
                }
            }
        }
    }
}